,Review,Liked
0,Wow... Loved this place.,1
1,Crust is not good.,0
2,Not tasty and the texture was just nasty.,0
3,Stopped by during the late May bank holiday off Rick Steve recommendation and loved it.,1
4,The selection on the menu was great and so were the prices.,1
5,Now I am getting angry and I want my damn pho.,0
6,Honeslty it didn't taste THAT fresh.),0
7,The potatoes were like rubber and you could tell they had been made up ahead of time being kept under a warmer.,0
8,The fries were great too.,1
9,A great touch.,1
10,Service was very prompt.,1
11,Would not go back.,0
12,The cashier had no care what so ever on what I had to say it still ended up being wayyy overpriced.,0
13,I tried the Cape Cod ravoli,0
14,I was disgusted because I was pretty sure that was human hair.,0
15,I was shocked because no signs indicate cash only.,0
16,Highly recommended.,1
17,Waitress was a little slow in service.,0
18,This place is not worth your time,0
19,did not like at all.,0
20,The Burrittos Blah!,0
21,The food,0
22,Service is also cute.,1
23,I could care less... The interior is just beautiful.,1
24,So they performed.,1
25,That's right....the red velvet cake.....ohhh this stuff is so good.,1
26,They never brought a salad we asked for.,0
27,This hole in the wall has great Mexican street tacos,0
28,Took an hour to get our food only 4 tables in restaurant my food was Luke warm,0
29,The worst was the salmon sashimi.,0
30,Also there are combos like a burger,0
31,This was like the final blow!,0
32,I found this place by accident and I could not be happier.,1
33,seems like a good quick place to grab a bite of some familiar pub food,0
34,Overall,0
35,The only redeeming quality of the restaurant was that it was very inexpensive.,1
36,Ample portions and good prices.,1
37,Poor service,0
38,My first visit to Hiro was a delight!,1
39,Service sucks.,0
40,The shrimp tender and moist.,1
41,There is not a deal good enough that would drag me into that establishment again.,0
42,Hard to judge whether these sides were good because we were grossed out by the melted styrofoam and didn't want to eat it for fear of getting sick.,0
43,On a positive note,0
44,Frozen pucks of disgust,0
45,The only thing I did like was the prime rib and dessert section.,1
46,It's too bad the food is so damn generic.,0
47,The burger is good beef,0
48,If you want a sandwich just go to any Firehouse!!!!!,1
49,My side Greek salad with the Greek dressing was so tasty,0
50,We ordered the duck rare and it was pink and tender on the inside with a nice char on the outside.,1
51,He came running after us when he realized my husband had left his sunglasses on the table.,1
52,Their chow mein is so good!,1
53,They have horrible attitudes towards customers,0
54,The portion was huge!,1
55,Loved it...friendly servers,0
56,The Heart Attack Grill in downtown Vegas is an absolutely flat-lined excuse for a restaurant.,0
57,Not much seafood and like 5 strings of pasta at the bottom.,0
58,The salad had just the right amount of sauce to not over power the scallop,0
59,The ripped banana was not only ripped,0
60,At least think to refill my water before I struggle to wave you over for 10 minutes.,0
61,This place receives stars for their APPETIZERS!!!,1
62,The cocktails are all handmade and delicious.,1
63,We'd definitely go back here again.,1
64,We are so glad we found this place.,1
65,Great food and service,0
66,Always a great time at Dos Gringos!,1
67,Update.....went back for a second time and it was still just as amazing,1
68,We got the food and apparently they have never heard of salt and the batter on the fish was chewy.,0
69,A great way to finish a great.,1
70,The deal included 5 tastings and 2 drinks,0
71,Really,0
72,The service was meh.,0
73,It took over 30 min to get their milkshake,0
74,I guess I should have known that this place would suck,0
75,The scallop dish is quite appalling for value as well.,0
76,2 times - Very Bad Customer Service !,0
77,The sweet potato fries were very good and seasoned well.,1
78,Today is the second time I've been to their lunch buffet and it was pretty good.,1
79,There is so much good food in Vegas that I feel cheated for wasting an eating opportunity by going to Rice and Company.,0
80,Coming here is like experiencing an underwhelming relationship where both parties can't wait for the other person to ask to break up.,0
81,walked in and the place smelled like an old grease trap and only 2 others there eating.,0
82,The turkey and roast beef were bland.,0
83,This place has it!,1
84,The pan cakes everyone are raving about taste like a sugary disaster tailored to the palate of a six year old.,0
85,I love the Pho and the spring rolls oh so yummy you have to try.,1
86,The poor batter to meat ratio made the chicken tenders very unsatisfying.,0
87,All I have to say is the food was amazing!!!,1
88,Omelets are to die for!,1
89,Everything was fresh and delicious!,1
90,In summary,0
91,It's like a really sexy party in your mouth,0
92,Never been to Hard Rock Casino before,0
93,Best breakfast buffet!!!,1
94,say bye bye to your tip lady!,0
95,We'll never go again.,0
96,Will be back again!,1
97,Food arrived quickly!,1
98,It was not good.,0
99,On the up side,0
100,Our server was fantastic and when he found out the wife loves roasted garlic and bone marrow,0
101,The only good thing was our waiter,0
102,Best Buffet in town,0
103,I LOVED their mussels cooked in this wine reduction,0
104,This is one of the better buffets that I have been to.,1
105,So we went to Tigerlilly and had a fantastic afternoon!,1
106,The food was delicious,0
107,The ambience is wonderful and there is music playing.,1
108,Will go back next trip out.,1
109,Sooooo good!!,1
110,REAL sushi lovers,0
111,At least 40min passed in between us ordering and the food arriving,0
112,This is a really fantastic Thai restaurant which is definitely worth a visit.,1
113,Nice,0
114,Good prices.,1
115,Check it out.,1
116,It was pretty gross!,0
117,I've had better atmosphere.,0
118,Kind of hard to mess up a steak but they did.,0
119,Although I very much liked the look and sound of this place,0
120,I just don't know how this place managed to served the blandest food I have ever eaten when they are preparing Indian cuisine.,0
121,Worst service to boot,0
122,Service was fine and the waitress was friendly.,1
123,The guys all had steaks,0
124,We thought you'd have to venture further away to get good sushi,0
125,Host staff were,0
126,Bland... Not a liking this place for a number of reasons and I don't want to waste time on bad reviewing.. I'll leave it at that...,0
127,Phenomenal food,0
128,I wouldn't return.,0
129,Definitely worth venturing off the strip for the pork belly,0
130,This place is way too overpriced for mediocre food.,0
131,Penne vodka excellent!,1
132,They have a good selection of food including a massive meatloaf sandwich,0
133,The management is rude.,0
134,Delicious NYC bagels,0
135,Great Subway,0
136,I had a seriously solid breakfast here.,1
137,This is one of the best bars with food in Vegas.,1
138,He was extremely rude and really,0
139,My drink was never empty and he made some really great menu suggestions.,1
140,Don't do it!!!!,0
141,The waiter wasn't helpful or friendly and rarely checked on us.,0
142,My husband and I ate lunch here and were very disappointed with the food and service.,0
143,And the red curry had so much bamboo shoots and wasn't very tasty to me.,0
144,Nice blanket of moz over top but i feel like this was done to cover up the subpar food.,1
145,The bathrooms are clean and the place itself is well decorated.,1
146,The menu is always changing,0
147,The service was a little slow ,0
148,I give it 2 thumbs down,0
149,We watched our waiter pay a lot more attention to other tables and ignore us.,0
150,My fiancé and I came in the middle of the day and we were greeted and seated right away.,1
151,This is a great restaurant at the Mandalay Bay.,1
152,We waited for forty five minutes in vain.,0
153,Crostini that came with the salad was stale.,0
154,Some highlights : Great quality nigiri here!,1
155,the staff is friendly and the joint is always clean.,1
156,this was a different cut than the piece the other day but still wonderful and tender s well as well flavored.,1
157,I ordered the Voodoo pasta and it was the first time I'd had really excellent pasta since going gluten free several years ago.,1
158,this place is good.,1
159,Unfortunately,0
160,I came back today since they relocated and still not impressed.,0
161,I was seated immediately.,1
162,Their menu is diverse,0
163,Avoid at all cost!,0
164,Restaurant is always full but never a wait.,1
165,DELICIOUS!!,1
166,This place is hands-down one of the best places to eat in the Phoenix metro area.,1
167,So don't go there if you are looking for good food...,0
168,I've never been treated so bad.,0
169,Bacon is hella salty.,1
170,We also ordered the spinach and avocado salad,0
171,This really is how Vegas fine dining used to be,0
172,The waitresses are very friendly.,1
173,Lordy,0
174,Everything on the menu is terrific and we were also thrilled that they made amazing accommodations for our vegetarian daughter.,1
175,Perhaps I caught them on an off night judging by the other reviews,0
176,The service here leaves a lot to be desired.,0
177,The atmosphere is modern and hip,0
178,Not a weekly haunt,0
179,We literally sat there for 20 minutes with no one asking to take our order.,0
180,The burger had absolutely no flavor - the meat itself was totally bland,0
181,I also decided not to send it back because our waitress looked like she was on the verge of having a heart attack.,0
182,I dressed up to be treated so rudely!,0
183,It was probably dirt.,0
184,Love this place,0
185,I ordered the Lemon raspberry ice cocktail which was also incredible.,1
186,The food sucked,0
187,Interesting decor.,1
188,What I really like there is the crepe station.,1
189,Also were served hot bread and butter,0
190,you can watch them preparing the delicious food!),1
191,Both of the egg rolls were fantastic.,1
192,When my order arrived,0
193,I had a salad with the wings,0
194,I'm not really sure how Joey's was voted best hot dog in the Valley by readers of Phoenix Magazine.,0
195,The best place to go for a tasty bowl of Pho!,1
196,The live music on Fridays totally blows.,0
197,I've never been more insulted or felt disrespected.,0
198,Very friendly staff.,1
199,It is worth the drive.,1
200,I had heard good things about this place,0
201,Food was great and so was the serivce!,1
202,The warm beer didn't help.,0
203,Great brunch spot.,1
204,Service is friendly and inviting.,1
205,Very good lunch spot.,1
206,I've lived here since 1979 and this was the first (and last) time I've stepped foot into this place.,0
207,The WORST EXPERIENCE EVER.,0
208,Must have been an off night at this place.,0
209,The sides are delish - mixed mushrooms,0
210,If that bug never showed up I would have given a 4 for sure,0
211,For about 10 minutes,0
212,My friend loved the salmon tartar.,1
213,Won't go back.,0
214,Extremely Tasty!,1
215,Waitress was good though!,1
216,Soggy and not good.,0
217,The Jamaican mojitos are delicious.,1
218,Which are small and not worth the price.,0
219,#NAME?,1
220,The shower area is outside so you can only rinse,0
221,The service was a bit lacking.,0
222,Lobster Bisque,0
223,Hopefully this bodes for them going out of business and someone who can cook can come in.,0
224,It was either too cold,0
225,I loved the bacon wrapped dates.,1
226,This is an unbelievable BARGAIN!,1
227,The folks at Otto always make us feel so welcome and special.,1
228,"As for the ""mains",0
229,This is the place where I first had pho and it was amazing!!,1
230,This wonderful experience made this place a must-stop whenever we are in town again.,1
231,If the food isn't bad enough for you,0
232,Very very fun chef.,1
233,Ordered a double cheeseburger & got a single patty that was falling apart (picture uploaded) Yeah,0
234,Great place to have a couple drinks and watch any and all sporting events as the walls are covered with TV's.,1
235,If it were possible to give them zero stars,0
236,"The descriptions said ""yum yum sauce"" and another said ""eel sauce""",0
237,I'd say that would be the hardest decision... Honestly,0
238,If she had not rolled the eyes we may have stayed... Not sure if we will go back and try it again.,0
239,Everyone is very attentive,0
240,Horrible - don't waste your time and money.,0
241,Now this dish was quite flavourful.,1
242,By this time our side of the restaurant was almost empty so there was no excuse.,0
243,(It wasn't busy either) Also,0
244,"like the other reviewer said ""you couldn't pay me to eat at this place again.""",0
245,-Drinks took close to 30 minutes to come out at one point.,0
246,Seriously flavorful delights,0
247,Much better than the other AYCE sushi place I went to in Vegas.,1
248,The lighting is just dark enough to set the mood.,1
249,Based on the sub-par service I received and no effort to show their gratitude for my business I won't be going back.,0
250,Owner's are really great people.!,1
251,There is nothing privileged about working/eating there.,0
252,The Greek dressing was very creamy and flavorful.,1
253,Overall,0
254,Now the pizza itself was good the peanut sauce was very tasty.,1
255,We had 7 at our table and the service was pretty fast.,1
256,Fantastic service here.,1
257,I as well would've given godfathers zero stars if possible.,0
258,They know how to make them here.,1
259,very tough and very short on flavor!,0
260,I hope this place sticks around.,1
261,I have been in more than a few bars in Vegas,0
262,The restaurant atmosphere was exquisite.,1
263,Good service,0
264,The seafood was fresh and generous in portion.,1
265,Plus,0
266,The service was not up to par,0
267,Thus far,0
268,Just as good as when I had it more than a year ago!,1
269,For a self proclaimed coffee cafe,0
270,The Veggitarian platter is out of this world!,1
271,You cant go wrong with any of the food here.,1
272,You can't beat that.,1
273,Stopped by this place while in Madison for the Ironman,0
274,The chefs were friendly and did a good job.,1
275,I've had better,0
276,I liked the patio and the service was outstanding.,1
277,The goat taco didn't skimp on the meat and wow what FLAVOR!,1
278,I think not again,0
279,I had the mac salad and it was pretty bland so I will not be getting that again.,0
280,I went to Bachi Burger on a friend's recommendation and was not disappointed.,1
281,Service stinks here!,0
282,I waited and waited.,0
283,This place is not quality sushi,0
284,I would definitely recommend the wings as well as the pizza.,1
285,Great Pizza and Salads!,1
286,Things that went wrong: - They burned the saganaki.,0
287,We waited an hour for what was a breakfast I could have done 100 times better at home.,0
288,This place is amazing!,1
289,I hate to disagree with my fellow Yelpers,0
290,Waited 2 hours & never got either of our pizzas as many other around us who came in later did!,0
291,Just don't know why they were so slow.,0
292,The staff is great,0
293,I live in the neighborhood so I am disappointed I won't be back here,0
294,I didn't know pulled pork could be soooo delicious.,1
295,You get incredibly fresh fish,0
296,Before I go in to why I gave a 1 star rating please know that this was my third time eating at Bachi burger before writing a review.,0
297,I love the fact that everything on their menu is worth it.,1
298,Never again will I be dining at this place!,0
299,The food was excellent and service was very good.,1
300,Good beer & drink selection and good food selection.,1
301,Please stay away from the shrimp stir fried noodles.,0
302,The potato chip order was sad... I could probably count how many chips were in that box and it was probably around 12.,0
303,Food was really boring.,0
304,Good Service-check!,1
305,This greedy corporation will NEVER see another dime from me!,0
306,Will never,0
307,As much as I'd like to go back,0
308,In the summer,0
309,I did not expect this to be so good!,1
310,Fantastic food!,1
311,She ordered a toasted English muffin that came out untoasted.,0
312,The food was very good.,1
313,Never going back.,0
314,Great food for the price,0
315,The bus boy on the other hand was so rude.,0
316,By this point,0
317,Back to good BBQ,0
318,And considering the two of us left there very full and happy for about $20,0
319,All the bread is made in-house!,1
320,The only downside is the service.,0
321,Also,0
322,Service was exceptional and food was a good as all the reviews.,1
323,A couple of months later,0
324,Favorite place in town for shawarrrrrrma!!!!!!,1
325,The black eyed peas and sweet potatoes... UNREAL!,1
326,You won't be disappointed.,1
327,They could serve it with just the vinaigrette and it may make for a better overall dish,0
328,I go to far too many places and I've never seen any restaurant that serves a 1 egg breakfast,0
329,When my mom and I got home she immediately got sick and she only had a few bites of salad.,0
330,The servers are not pleasant to deal with and they don't always honor Pizza Hut coupons.,0
331,Both of them were truly unbelievably good,0
332,We had fantastic service,0
333,Everything was gross.,0
334,I love this place.,1
335,Great service and food.,1
336,First - the bathrooms at this location were dirty- Seat covers were not replenished & just plain yucky!!!,0
337,"The burger... I got the ""Gold Standard"" a $17 burger and was kind of disappointed.",0
338,OMG,0
339,There is nothing authentic about this place.,0
340,the spaghetti is nothing special whatsoever.,0
341,Of all the dishes,0
342,The vegetables are so fresh and the sauce feels like authentic Thai.,1
343,It's worth driving up from Tucson!,1
344,The selection was probably the worst I've seen in Vegas.....there was none.,0
345,Pretty good beer selection too.,1
346,This place is like Chipotle,0
347,Classy/warm atmosphere,0
348,5 stars for the brick oven bread app!,1
349,I have eaten here multiple times,0
350,We sat another ten minutes and finally gave up and left.,0
351,He was terrible!,0
352,Everyone is treated equally special.,1
353,It shouldn't take 30 min for pancakes and eggs.,0
354,It was delicious!!!,1
355,On the good side,0
356,Sadly,0
357,As always the evening was wonderful and the food delicious!,1
358,Best fish I've ever had in my life!,1
359,(The bathroom is just next door and very nice.),1
360,The buffet is small and all the food they offered was BLAND.,0
361,This is an Outstanding little restaurant with some of the Best Food I have ever tasted.,1
362,Pretty cool I would say.,1
363,Definitely a turn off for me & i doubt I'll be back unless someone else is buying.,0
364,Server did a great job handling our large rowdy table.,1
365,I find wasting food to be despicable,0
366,My wife had the Lobster Bisque soup which was lukewarm.,0
367,Would come back again if I had a sushi craving while in Vegas.,1
368,The staff are great,0
369,He deserves 5 stars.,1
370,I left with a stomach ache and felt sick the rest of the day.,0
371,They dropped more than the ball.,0
372,The dining space is tiny,0
373,They will customize your order any way you'd like,0
374,And the beans and rice were mediocre at best.,0
375,Best tacos in town by far!!,1
376,I took back my money and got outta there.,0
377,In an interesting part of town,0
378,RUDE & INCONSIDERATE MANAGEMENT.,0
379,The staff are now not as friendly,0
380,I won't be back.,0
381,They have great dinners.,1
382,The service was outshining & I definitely recommend the Halibut.,1
383,The food was terrible.,0
384,WILL NEVER EVER GO BACK AND HAVE TOLD MANY PEOPLE WHAT HAD HAPPENED.,0
385,I don't recommend unless your car breaks down in front of it and you are starving.,0
386,I will come back here every time I'm in Vegas.,1
387,This place deserves one star and 90% has to do with the food.,0
388,This is a disgrace.,0
389,Def coming back to bowl next time,1
390,If you want healthy authentic or ethic food,0
391,I will continue to come here on ladies night andddd date night ... highly recommend this place to anyone who is in the area.,1
392,I have been here several times in the past,0
393,We walked away stuffed and happy about our first Vegas buffet experience.,1
394,Service was excellent and prices are pretty reasonable considering this is Vegas and located inside the Crystals shopping mall by Aria.,1
395,To summarize... the food was incredible,0
396,I'm probably one of the few people to ever go to Ians and not like it.,0
397,Kids pizza is always a hit too with lots of great side dish options for the kiddos!,1
398,Service is perfect and the family atmosphere is nice to see.,1
399,Cooked to perfection and the service was impeccable.,1
400,This one is simply a disappointment.,0
401,Overall,0
402,I don't have to be an accountant to know I'm getting screwed!,0
403,Great place to eat,0
404,Today was my first taste of a Buldogis Gourmet Hot Dog and I have to tell you it was more than I ever thought possible.,1
405,Left very frustrated.,0
406,I'll definitely be in soon again.,1
407,Food was really good and I got full petty fast.,1
408,Service was fantastic.,1
409,TOTAL WASTE OF TIME.,0
410,I don't know what kind it is but they have the best iced tea.,1
411,Come hungry,0
412,For service,0
413,I can assure you that you won't be disappointed.,1
414,I can take a little bad service but the food sucks.,0
415,Gave up trying to eat any of the crust (teeth still sore).,0
416,But now I was completely grossed out.,0
417,I really enjoyed eating here.,1
418,First time going but I think I will quickly become a regular.,1
419,Our server was very nice,0
420,From what my dinner companions told me...everything was very fresh with nice texture and taste.,1
421,On the ground,0
422,Furthermore,0
423,We've tried to like this place but after 10+ times I think we're done with them.,0
424,What a mistake that was!,0
425,No complaints!,1
426,This is some seriously good pizza and I'm an expert/connisseur on the topic.,1
427,Waiter was a jerk.,0
428,Strike 2,0
429,These are the nicest restaurant owners I've ever come across.,1
430,I never come again.,0
431,We loved the biscuits!!!,1
432,Service is quick and friendly.,1
433,Ordered an appetizer and took 40 minutes and then the pizza another 10 minutes.,0
434,So absolutley fantastic.,1
435,It was a huge awkward 1.5lb piece of cow that was 3/4ths gristle and fat.,0
436,definitely will come back here again.,1
437,I like Steiners because it's dark and it feels like a bar.,1
438,Wow very spicy but delicious.,1
439,If you're not familiar,0
440,I'll take my business dinner dollars elsewhere.,0
441,I'd love to go back.,1
442,Anyway,0
443,Nothing special.,0
444,Each day of the week they have a different deal and it's all so delicious!,1
445,Not to mention the combination of pears,0
446,Will not be back.,0
447,Sauce was tasteless.,0
448,The food is delicious and just spicy enough,0
449,My ribeye steak was cooked perfectly and had great mesquite flavor.,1
450,I don't think we'll be going back anytime soon.,0
451,Food was so gooodd.,1
452,I am far from a sushi connoisseur but I can definitely tell the difference between good food and bad food and this was certainly bad food.,0
453,I was so insulted.,0
454,The last 3 times I had lunch here has been bad.,0
455,The chicken wings contained the driest chicken meat I have ever eaten.,0
456,The food was very good and I enjoyed every mouthful,0
457,Nargile - I think you are great.,1
458,Best tater tots in the southwest.,1
459,We loved the place.,1
460,Definitely not worth the $3 I paid.,0
461,The vanilla ice cream was creamy and smooth while the profiterole (choux) pastry was fresh enough.,1
462,Im in AZ all the time and now have my new spot.,1
463,The manager was the worst.,0
464,The inside is really quite nice and very clean.,1
465,The food was outstanding and the prices were very reasonable.,1
466,I don't think I'll be running back to Carly's anytime soon for food.,0
467,This is was due to the fact that it took 20 minutes to be acknowledged,0
468,Love the margaritas,0
469,This was my first and only Vegas buffet and it did not disappoint.,1
470,Very good,0
471,The one down note is the ventilation could use some upgrading.,0
472,Great pork sandwich.,1
473,Don't waste your time here.,0
474,Total letdown,0
475,Third,0
476,We enjoy their pizza and brunch.,1
477,The steaks are all well trimmed and also perfectly cooked.,1
478,We had a group of 70+ when we claimed we would only have 40 and they handled us beautifully.,1
479,I LOVED it!,1
480,We asked for the bill to leave without eating and they didn't bring that either.,0
481,This place is a jewel in Las Vegas,0
482,Seafood was limited to boiled shrimp and crab legs but the crab legs definitely did not taste fresh.,0
483,The selection of food was not the best.,0
484,Delicious and I will absolutely be back!,1
485,This isn't a small family restaurant,0
486,They had a toro tartare with a cavier that was extraordinary and I liked the thinly sliced wagyu with white truffle.,1
487,I dont think I will be back for a very long time.,0
488,It was attached to a gas station,0
489,How awesome is that.,1
490,I will be back many times soon.,1
491,The menu had so much good stuff on it i could not decide!,1
492,Worse of all,0
493,CONCLUSION: Very filling meals.,1
494,Their daily specials are always a hit with my group.,1
495,And then tragedy struck.,0
496,The pancake was also really good and pretty large at that.,1
497,This was my first crawfish experience,0
498,Their monster chicken fried steak and eggs is my all time favorite.,1
499,Waitress was sweet and funny.,1
500,I also had to taste my Mom's multi-grain pumpkin pancakes with pecan butter and they were amazing,0
501,I'd rather eat airline food,0
502,Cant say enough good things about this place.,1
503,The ambiance was incredible.,1
504,The waitress and manager are so friendly.,1
505,I would not recommend this place.,0
506,Overall I wasn't very impressed with Noca.,0
507,My gyro was basically lettuce only.,0
508,Terrible service!,0
509,Thoroughly disappointed!,0
510,I don't each much pasta,0
511,Give it a try,0
512,By far the BEST cheesecurds we have ever had!,1
513,Reasonably priced also!,1
514,Everything was perfect the night we were in.,1
515,The food is very good for your typical bar food.,1
516,it was a drive to get there.,0
517,At first glance it is a lovely bakery cafe - nice ambiance,0
518,Anyway,0
519,Point your finger at any item on the menu,0
520,Oh this is such a thing of beauty,0
521,If you haven't gone here GO NOW!,1
522,A greasy,0
523,first time there and might just be the last.,0
524,Those burgers were amazing.,1
525,Similarly,0
526,And it was way to expensive.,0
527,Be sure to order dessert,0
528,This was my first time and I can't wait until the next.,1
529,The bartender was also nice.,1
530,Everything was good and tasty!,1
531,This place is two thumbs up....way up.,1
532,The best place in Vegas for breakfast (just check out a Sat,0
533,If you love authentic Mexican food and want a whole bunch of interesting,0
534,Terrible management.,0
535,An excellent new restaurant by an experienced Frenchman.,1
536,If there were zero stars I would give it zero stars.,0
537,Great steak,0
538,Worst martini ever!,0
539,The steak and the shrimp are in my opinion the best entrees at GC.,1
540,I had the opportunity today to sample your amazing pizzas!,1
541,We waited for thirty minutes to be seated (although there were 8 vacant tables and we were the only folks waiting).,0
542,The yellowtail carpaccio was melt in your mouth fresh.,1
543,I won't try going back there even if it's empty.,0
544,No,0
545,Just spicy enough.. Perfect actually.,1
546,Last night was my second time dining here and I was so happy I decided to go back!,1
547,"not even a ""hello",0
548,The desserts were a bit strange.,0
549,My boyfriend and I came here for the first time on a recent trip to Vegas and could not have been more pleased with the quality of food and service.,1
550,I really do recommend this place,0
551,Nice ambiance.,1
552,I would recommend saving room for this!,1
553,I guess maybe we went on an off night but it was disgraceful.,0
554,However,0
555,I know this is not like the other restaurants at all,0
556,AVOID THIS ESTABLISHMENT!,0
557,I think this restaurant suffers from not trying hard enough.,0
558,All of the tapas dishes were delicious!,1
559,I *heart* this place.,1
560,My salad had a bland vinegrette on the baby greens and hearts of Palm.,0
561,After two I felt disgusting.,0
562,A good time!,1
563,I believe that this place is a great stop for those with a huge belly and hankering for sushi.,1
564,Generous portions and great taste.,1
565,I will never go back to this place and will never ever recommended this place to anyone!,0
566,The servers went back and forth several times,0
567,Food was delicious!,1
568,AN HOUR... seriously?,0
569,I consider this theft.,0
570,Eew... This location needs a complete overhaul.,0
571,We recently witnessed her poor quality of management towards other guests as well.,0
572,Waited and waited and waited.,0
573,He also came back to check on us regularly,0
574,Our server was super nice and checked on us many times.,1
575,The pizza tasted old,0
576,I swung in to give them a try but was deeply disappointed.,0
577,Service was good and the company was better!,1
578,The staff are also very friendly and efficient.,1
579,As for the service: I'm a fan,0
580,Boy was that sucker dry!!.,0
581,Over rated.,0
582,If you look for authentic Thai food,0
583,Their steaks are 100% recommended!,1
584,After I pulled up my car I waited for another 15 minutes before being acknowledged.,0
585,Great food and great service in a clean and friendly setting.,1
586,All in all,0
587,I hate those things as much as cheap quality black olives.,0
588,My breakfast was perpared great,0
589,The kids play area is NASTY!,0
590,Great place fo take out or eat in.,1
591,The waitress was friendly and happy to accomodate for vegan/veggie options.,1
592,OMG I felt like I had never eaten Thai food until this dish.,1
593,"It was extremely ""crumby"" and pretty tasteless.",0
594,It was a pale color instead of nice and char and has NO flavor.,0
595,The croutons also taste homemade which is an extra plus.,1
596,I got home to see the driest damn wings ever!,0
597,It'll be a regular stop on my trips to Phoenix!,1
598,I really enjoyed Crema Café before they expanded. I even told friends they had the BEST breakfast.,1
599,Not good for the money.,0
600,I miss it and wish they had one in Philadelphia!,1
601,We got sitting fairly fast,0
602,They also have the best cheese crisp in town.,1
603,Good value,0
604,Couldn't ask for a more satisfying meal.,1
605,The food is good.,1
606,It was awesome.,1
607,I just wanted to leave.,0
608,We made the drive all the way from North Scottsdale... and I was not one bit disappointed!,1
609,I will not be eating there again.,0
610,!....THE OWNERS REALLY REALLY need to quit being soooooo cheap let them wrap my freaking sandwich in two papers not one!,0
611,I checked out this place a couple years ago and was not impressed.,0
612,The chicken I got was definitely reheated and was only ok,0
613,Sorry,0
614,An absolute must visit!,1
615,The cow tongue and cheek tacos are amazing.,1
616,My friend did not like his Bloody Mary.,0
617,Despite how hard I rate businesses,0
618,They really want to make your experience a good one.,1
619,I will not return.,0
620,I had the chicken Pho and it tasted very bland.,0
621,Very disappointing!!!,0
622,The grilled chicken was so tender and yellow from the saffron seasoning.,1
623,a drive thru means you do not want to wait around for half an hour for your food,0
624,Pretty awesome place.,1
625,Ambience is perfect.,1
626,Best of luck to the rude and non-customer service focused new management.,0
627,Any grandmother can make a roasted chicken better than this one.,0
628,I asked multiple times for the wine list and after some time of being ignored I went to the hostess and got one myself.,0
629,The staff is always super friendly and helpful,0
630,Four stars for the food & the guy in the blue shirt for his great vibe & still letting us in to eat !,1
631,The roast beef sandwich tasted really good!,1
632,Same evening,0
633,High-quality chicken on the chicken Caesar salad.,1
634,Ordered burger rare came in we'll done.,0
635,We were promptly greeted and seated.,1
636,Tried to go here for lunch and it was a madhouse.,0
637,I was proven dead wrong by this sushi bar,0
638,After waiting an hour and being seated,0
639,This is a good joint.,1
640,The Macarons here are insanely good.,1
641,I'm not eating here!,0
642,Our waiter was very attentive,0
643,Maybe if they weren't cold they would have been somewhat edible.,0
644,This place has a lot of promise but fails to deliver.,0
645,Very bad Experience!,0
646,What a mistake.,0
647,Food was average at best.,0
648,Great food.,1
649,We won't be going back anytime soon!,0
650,Very Very Disappointed ordered the $35 Big Bay Plater.,0
651,Great place to relax and have an awesome burger and beer.,1
652,It is PERFECT for a sit-down family meal or get together with a few friends.,1
653,Not much flavor to them,0
654,The patio seating was very comfortable.,1
655,The fried rice was dry as well.,0
656,Hands down my favorite Italian restaurant!,1
657,"That just SCREAMS ""LEGIT"" in my book...somethat's also pretty rare here in Vegas.",1
658,It was just not a fun experience.,1
659,The atmosphere was great with a lovely duo of violinists playing songs we requested.,1
660,I personally love the hummus,0
661,Very convenient,0
662,The owners are super friendly and the staff is courteous.,1
663,Both great!,1
664,Eclectic selection.,1
665,The sweet potato tots were good but the onion rings were perfection or as close as I have had.,1
666,The staff was very attentive.,1
667,And the chef was generous with his time (even came around twice so we can take pictures with him).,1
668,The owner used to work at Nobu,0
669,Google mediocre and I imagine Smashburger will pop up.,0
670,dont go here.,0
671,I promise they won't disappoint.,1
672,As a sushi lover avoid this place by all means.,0
673,What a great double cheeseburger!,1
674,Awesome service and food.,1
675,A fantastic neighborhood gem !!!,1
676,I can't wait to go back.,1
677,The plantains were the worst I've ever tasted.,0
678,It's a great place and I highly recommend it.,1
679,Service was slow and not attentive.,0
680,I gave it 5 stars then,0
681,Your staff spends more time talking to themselves than me.,0
682,Dessert: Panna Cotta was amazing.,1
683,Very good food,0
684,Damn good steak.,1
685,Total brunch fail.,0
686,Prices are very reasonable,0
687,The decor is nice,0
688,The steak was amazing...rge fillet relleno was the best seafood plate i have ever had!,1
689,Good food ,0
690,It was absolutely amazing.,1
691,I probably won't be back,0
692,will definitely be back!,1
693,The sergeant pepper beef sandwich with auju sauce is an excellent sandwich as well.,1
694,Hawaiian Breeze,0
695,Went for lunch - service was slow.,0
696,We had so much to say about the place before we walked in that he expected it to be amazing,0
697,I was mortified.,0
698,Needless to say,0
699,Anyways,0
700,The chips that came out were dripping with grease,0
701,I wasn't really impressed with Strip Steak.,0
702,Have been going since 2007 and every meal has been awesome!!,1
703,Our server was very nice and attentive as were the other serving staff.,1
704,The cashier was friendly and even brought the food out to me.,1
705,I work in the hospitality industry in Paradise Valley and have refrained from recommending Cibo any longer.,0
706,The atmosphere here is fun.,1
707,Would not recommend to others.,0
708,"Service is quick and even ""to go"" orders are just like we like it!",1
709,I mean really,0
710,That said,0
711,Not my thing.,0
712,2 Thumbs Up!!,1
713,If you are reading this please don't go there.,0
714,I loved the grilled pizza,0
715,Only Pros : Large seating area/ Nice bar area/ Great simple drink menu/ The BEST brick oven pizza with homemade dough!,1
716,They have a really nice atmosphere.,1
717,Tonight I had the Elk Filet special...and it sucked.,0
718,After one bite,0
719,We ordered some old classics and some new dishes after going there a few times and were sorely disappointed with everything.,0
720,Cute,0
721,The chicken was deliciously seasoned and had the perfect fry on the outside and moist chicken on the inside.,1
722,The food was great as always,0
723,Special thanks to Dylan T. for the recommendation on what to order :) All yummy for my tummy.,1
724,Awesome selection of beer.,1
725,Great food and awesome service!,1
726,One nice thing was that they added gratuity on the bill since our party was larger than 6 or 8,0
727,A FLY was in my apple juice.. A FLY!!!!!!!!,0
728,The Han Nan Chicken was also very tasty.,1
729,As for the service,0
730,The food was barely lukewarm,0
731,Ryan's Bar is definitely one Edinburgh establishment I won't be revisiting.,0
732,Nicest Chinese restaurant I've been in a while.,1
733,Overall,0
734,They also now serve Indian naan bread with hummus and some spicy pine nut sauce that was out of this world.,1
735,Probably never coming back,0
736,Friend's pasta -- also bad,0
737,Try them in the airport to experience some tasty food and speedy,0
738,I love the decor with the Chinese calligraphy wall paper.,1
739,Never had anything to complain about here.,1
740,The restaurant is very clean and has a family restaurant feel to it.,1
741,It was way over fried.,0
742,I'm not sure how long we stood there but it was long enough for me to begin to feel awkwardly out of place.,0
743,When I opened the sandwich,0
744,Will not be back!,0
745,There was a warm feeling with the service and I felt like their guest for a special treat.,1
746,An extensive menu provides lots of options for breakfast.,1
747,I always order from the vegetarian menu during dinner,0
748,I have watched their prices inflate,0
749,Wonderful lil tapas and the ambience made me feel all warm and fuzzy inside.,1
750,I got to enjoy the seafood salad,0
751,The wontons were thin,0
752,Level 5 spicy was perfect,0
753,We were sat right on time and our server from the get go was FANTASTIC!,1
754,Main thing I didn't enjoy is that the crowd is of older crowd,0
755,When I'm on this side of town,0
756,I had to wait over 30 minutes to get my drink and longer to get 2 arepas.,0
757,This is a GREAT place to eat!,1
758,The jalapeno bacon is soooo good.,1
759,The service was poor and thats being nice.,0
760,Food was good,0
761,The place was not clean and the food oh so stale!,0
762,The chicken dishes are OK,0
763,But the service was beyond bad.,0
764,"I'm so happy to be here!!!""",1
765,Tasted like dirt.,0
766,One of the few places in Phoenix that I would definately go back to again .,1
767,The block was amazing.,1
768,It's close to my house,0
769,* Both the Hot & Sour & the Egg Flower Soups were absolutely 5 Stars!,1
770,My sashimi was poor quality being soggy and tasteless.,0
771,Great time - family dinner on a Sunday night.,1
772,the food is not tasty at all,0
773,What did bother me,0
774,The flair bartenders are absolutely amazing!,1
775,Their frozen margaritas are WAY too sugary for my taste.,0
776,These were so good we ordered them twice.,1
777,So in a nutshell: 1) The restaraunt smells like a combination of a dirty fish market and a sewer.,0
778,My girlfriend's veal was very bad.,0
779,Unfortunately,0
780,I had a pretty satifying experience.,1
781,Join the club and get awesome offers via email.,1
782,Perfect for someone (me) who only likes beer ice cold,0
783,Bland and flavorless is a good way of describing the barely tepid meat.,0
784,The chains,0
785,The nachos are a MUST HAVE!,1
786,We will not be coming back.,0
787,I don't have very many words to say about this place,0
788,The staff is super nice and very quick even with the crazy crowds of the downtown juries,0
789,Great atmosphere,0
790,When I received my Pita it was huge it did have a lot of meat in it so thumbs up there.,1
791,Once your food arrives it's meh.,0
792,Paying $7.85 for a hot dog and fries that looks like it came out of a kid's meal at the Wienerschnitzel is not my idea of a good meal.,0
793,The classic Maine Lobster Roll was fantastic.,1
794,My brother in law who works at the mall ate here same day,0
795,So good I am going to have to review this place twice - once hereas a tribute to the place and once as a tribute to an event held here last night.,1
796,The chips and salsa were really good,0
797,This place is great!!!!!!!!!!!!!!,1
798,Mediocre food.,0
799,Once you get inside you'll be impressed with the place.,1
800,I'm super pissd.,0
801,And service was super friendly.,1
802,Why are these sad little vegetables so overcooked?,0
803,This place was such a nice surprise!,1
804,They were golden-crispy and delicious.,1
805,I had high hopes for this place since the burgers are cooked over a charcoal grill,0
806,I could eat their bruschetta all day it is devine.,1
807,Not a single employee came out to see if we were OK or even needed a water refill once they finally served us our food.,0
808,Lastly,0
809,The first time I ever came here I had an amazing experience,0
810,The server was very negligent of our needs and made us feel very unwelcome... I would not suggest this place!,0
811,The service was terrible though.,0
812,This place is overpriced,0
813,It was packed!!,0
814,I love this place.,1
815,I can say that the desserts were yummy.,1
816,The food was terrible.,0
817,The seasonal fruit was fresh white peach puree.,1
818,It kept getting worse and worse so now I'm officially done.,0
819,This place should honestly be blown up.,0
820,But I definitely would not eat here again.,0
821,Do not waste your money here!,0
822,I love that they put their food in nice plastic containers as opposed to cramming it in little paper takeout boxes.,1
823,The crêpe was delicate and thin and moist.,1
824,Awful service.,0
825,Won't ever go here again.,0
826,Food quality has been horrible.,0
827,For that price I can think of a few place I would have much rather gone.,0
828,The service here is fair at best.,0
829,I do love sushi,0
830,Do yourself a favor and stay away from this dish.,0
831,Very poor service.,0
832,No one at the table thought the food was above average or worth the wait that we had for it.,0
833,Best service and food ever,0
834,They were excellent.,1
835,I paid the bill but did not tip because I felt the server did a terrible job.,0
836,Just had lunch here and had a great experience.,1
837,I have never had such bland food which surprised me considering the article we read focused so much on their spices and flavor.,0
838,Food is way overpriced and portions are fucking small.,0
839,I recently tried Caballero's and I have been back every week since!,1
840,for 40 bucks a head,0
841,The food came out at a good pace.,1
842,I ate there twice on my last visit,0
843,I won't be back.,0
844,We could not believe how dirty the oysters were!,0
845,This place deserves no stars.,0
846,I would not recommend this place.,0
847,In fact I'm going to round up to 4 stars,0
848,To my disbelief,0
849,Bad day or not,0
850,the potatoes were great and so was the biscuit.,1
851,I probably would not go here again.,0
852,So flavorful and has just the perfect amount of heat.,1
853,The price is reasonable and the service is great.,1
854,The Wife hated her meal (coconut shrimp),0
855,My fella got the huevos rancheros and they didn't look too appealing.,0
856,Went in for happy hour,0
857,Some may say this buffet is pricey but I think you get what you pay for and this place you are getting quite a lot!,1
858,I probably won't be coming back here.,0
859,Worst food/service I've had in a while.,0
860,This place is pretty good,0
861,Talk about great customer service of course we will be back.,1
862,Hot dishes are not hot,0
863,I love their fries and their beans.,1
864,Always a pleasure dealing with him.,1
865,They have a plethora of salads and sandwiches,0
866,This place is awesome if you want something light and healthy during the summer.,1
867,For sushi on the Strip,0
868,The service was great,0
869,The feel of the dining room was more college cooking course than high class dining and the service was slow at best.,0
870,I started this review with two stars,0
871,this is the worst sushi i have ever eat besides Costco's.,0
872,All in all an excellent restaurant highlighted by great service,0
873,My boyfriend and i sat at the bar and had a completely delightful experience.,1
874,Weird vibe from owners.,0
875,There was hardly any meat.,0
876,I've had better bagels from the grocery store.,0
877,Go To Place for Gyros.,1
878,I love the owner/chef,0
879,Now the burgers aren't as good,0
880,I found a six inch long piece of wire in my salsa.,0
881,The service was terrible,0
882,We definately enjoyed ourselves.,1
883,I ordered Albondigas soup - which was just warm - and tasted like tomato soup with frozen meatballs.,0
884,On three different occasions I asked for well done or medium well,0
885,I had about two bites and refused to eat anymore.,0
886,The service was extremely slow.,0
887,After 20 minutes wait,0
888,Seriously killer hot chai latte.,1
889,No allergy warnings on the menu,0
890,My boyfriend tried the Mediterranean Chicken Salad and fell in love.,1
891,Their rotating beers on tap is also a highlight of this place.,1
892,Pricing is a bit of a concern at Mellow Mushroom.,0
893,Worst Thai ever.,0
894,If you stay in Vegas you must get breakfast here at least once.,1
895,I want to first say our server was great and we had perfect service.,1
896,The pizza selections are good.,1
897,I had strawberry tea,0
898,Highly unprofessional and rude to a loyal patron!,0
899,Overall,0
900,Spend your money elsewhere.,0
901,Their regular toasted bread was equally satisfying with the occasional pats of butter... Mmmm...!,1
902,The Buffet at Bellagio was far from what I anticipated.,0
903,And the drinks are WEAK,0
904,#NAME?,0
905,Also,0
906,After the disappointing dinner we went elsewhere for dessert.,0
907,The chips and sals a here is amazing!!!!!!!!!!!!!!!!!!!,1
908,We won't be returning.,0
909,This is my new fav Vegas buffet spot.,1
910,I seriously cannot believe that the owner has so many unexperienced employees that all are running around like chickens with their heads cut off.,0
911,Very,0
912,i felt insulted and disrespected,0
913,How can you call yourself a steakhouse if you can't properly cook a steak,0
914,I'm not impressed with the concept or the food.,0
915,The only thing I wasn't too crazy about was their guacamole as I don't like it puréed.,0
916,There is really nothing for me at postinos,0
917,I got food poisoning here at the buffet.,0
918,They brought a fresh batch of fries and I was thinking yay something warm but no!,0
919,What SHOULD have been a hilarious,0
920,Needless to say,0
921,This place is disgusting!,0
922,Every time I eat here,0
923,The RI style calamari was a joke.,0
924,However,0
925,I could barely stomach the meal,0
926,It was so bad,0
927,It also took her forever to bring us the check when we asked for it.,0
928,We aren't ones to make a scene at restaurants but I just don't get it...definitely lost the love after this one!,0
929,Disappointing experience.,0
930,The food is about on par with Denny's,0
931,If you want to wait for mediocre food and downright terrible service,0
932,WAAAAAAyyyyyyyyyy over rated is all I am saying.,0
933,We won't be going back.,0
934,The place was fairly clean but the food simply wasn't worth it.,0
935,This place lacked style!!,0
936,The sangria was about half of a glass wine full and was $12,0
937,Don't bother coming here.,0
938,The meat was pretty dry,0
939,The building itself seems pretty neat,0
940,It was equally awful.,0
941,Probably not in a hurry to go back.,0
942,very slow at seating even with reservation.,0
943,Not good by any stretch of the imagination.,0
944,The cashew cream sauce was bland and the vegetables were undercooked.,0
945,The chipolte ranch dipping sause was tasteless,0
946,It was a bit too sweet,0
947,I was VERY disappointed!!,0
948,This place is horrible and way overpriced.,0
949,Maybe it's just their Vegetarian fare,0
950,It wasn't busy at all and now we know why.,0
951,The tables outside are also dirty a lot of the time and the workers are not always friendly and helpful with the menu.,0
952,The ambiance here did not feel like a buffet setting,0
953,Con: spotty service.,0
954,The fries were not hot,0
955,But then they came back cold.,0
956,Then our food came out,0
957,The real disappointment was our waiter.,0
958,My husband said she was very rude... did not even apologize for the bad food or anything.,0
959,The only reason to eat here would be to fill up before a night of binge drinking just to get some carbs in your stomach.,0
960,Insults,0
961,If someone orders two tacos don't' you think it may be part of customer service to ask if it is combo or ala cart?,0
962,She was quite disappointed although some blame needs to be placed at her door.,0
963,After all the rave reviews I couldn't wait to eat here......what a disappointment!,0
964,Del Taco is pretty nasty and should be avoided if possible.,0
965,It's NOT hard to make a decent hamburger.,0
966,But I don't like it.,0
967,Hell no will I go back,0
968,We've have gotten a much better service from the pizza place next door than the services we received from this restaurant.,0
969,I don't know what the big deal is about this place,0
970,I immediately said I wanted to talk to the manager but I did not want to talk to the guy who was doing shots of fireball behind the bar.,0
971,The ambiance isn't much better.,0
972,Unfortunately,0
973,The food wasn't good.,0
974,Your servers suck,0
975,What happened next was pretty....off putting.,0
976,too bad cause I know it's family owned,0
977,Overpriced for what you are getting.,0
978,I vomited in the bathroom mid lunch.,0
979,I kept looking at the time and it had soon become 35 minutes,0
980,I have been to very few places to eat that under no circumstances would I ever return to,0
981,We started with the tuna sashimi which was brownish in color and obviously wasn't fresh.,0
982,Food was below average.,0
983,It sure does beat the nachos at the movies but I would expect a little bit more coming from a restaurant.,0
984,All in all,0
985,The problem I have is that they charge $11.99 for a sandwich that is no bigger than a Subway sub (which offers better and more amount of vegetables).,0
986,Shrimp- When I unwrapped it (I live only 1/2 a mile from Brushfire) it was literally ice cold.,0
987,It lacked flavor,0
988,It really is impressive that the place hasn't closed down.,0
989,I would avoid this place if you are staying in the Mirage.,0
990,The refried beans that came with my meal were dried out and crusty and the food was bland.,0
991,Spend your money and time some place else.,0
992,A lady at the table next to us found a live green caterpillar In her salad.,0
993,the presentation of the food was awful.,0
994,I can't tell you how disappointed I was.,0
995,I think food should have flavor and texture and both were lacking.,0
996,Appetite instantly gone.,0
997,Overall I was not impressed and would not go back.,0
998,The whole experience was underwhelming,0
999,Then,0
